RULENAME,Original_Original,m1_RewardsController20.sol,m2_RewardsController.sol12.sol,m3_RewardsController.sol9.sol,m4_RewardsController18.sol,m5_RewardsController.sol7.sol,m6_RewardsController17.sol,m7_RewardsController.sol1.sol,m8_RewardsDistributor.sol15.sol,m9_RewardsDistributor_8.sol,m10_RewardsDistributor21.sol,m11_RewardsDistributor.sol4.sol,m12_RewardsDistributor.sol6.sol,m13_RewardsDistributor.sol_12.sol,m14_RewardsDistributor.sol_5.sol,m15_RewardsDistributor.sol_2.sol
getUserRewardZeroUserBalance,SUCCESS,SUCCESS,SUCCESS,SUCCESS,SUCCESS,SUCCESS,SUCCESS,SUCCESS,SUCCESS,SUCCESS,SUCCESS,SUCCESS,SUCCESS,SUCCESS,SUCCESS,SUCCESS
envfreeFuncsStaticCheck,SUCCESS,SUCCESS,SUCCESS,SUCCESS,SUCCESS,SUCCESS,SUCCESS,SUCCESS,SUCCESS,SUCCESS,SUCCESS,SUCCESS,SUCCESS,SUCCESS,SUCCESS,SUCCESS
initializeCalledOnlyOnce,SUCCESS,SUCCESS,SUCCESS,SUCCESS,SUCCESS,SUCCESS,SUCCESS,SUCCESS,SUCCESS,SUCCESS,SUCCESS,SUCCESS,SUCCESS,SUCCESS,SUCCESS,SUCCESS
claimRewardsInternalAmountGTAccruedPossibleClaimed,SUCCESS,SUCCESS,SUCCESS,SUCCESS,SUCCESS,SUCCESS,SUCCESS,SUCCESS,SUCCESS,SUCCESS,SUCCESS,SUCCESS,SUCCESS,SUCCESS,SUCCESS,SUCCESS
claimRewardsInternalAmountLTAccruedPossibleClaimed,SUCCESS,SUCCESS,SUCCESS,SUCCESS,SUCCESS,SUCCESS,SUCCESS,SUCCESS,SUCCESS,SUCCESS,SUCCESS,SUCCESS,SUCCESS,SUCCESS,SUCCESS,SUCCESS
transferRewardsIntegrity,SUCCESS,SUCCESS,SUCCESS,SUCCESS,SUCCESS,SUCCESS,SUCCESS,SUCCESS,SUCCESS,SUCCESS,SUCCESS,SUCCESS,SUCCESS,SUCCESS,SUCCESS,SUCCESS
claimAllRewardsReturnClaimedAmounts,SUCCESS,SUCCESS,SUCCESS,SUCCESS,SUCCESS,SUCCESS,SUCCESS,SUCCESS,SUCCESS,SUCCESS,SUCCESS,SUCCESS,SUCCESS,SUCCESS,SUCCESS,SUCCESS
setClaimerIntegrity,SUCCESS,SUCCESS,SUCCESS,SUCCESS,SUCCESS,SUCCESS,SUCCESS,SUCCESS,SUCCESS,SUCCESS,SUCCESS,SUCCESS,SUCCESS,SUCCESS,SUCCESS,SUCCESS
getUserAssetBalancesIntegrity,SUCCESS,SUCCESS,SUCCESS,SUCCESS,SUCCESS,SUCCESS,SUCCESS,SUCCESS,SUCCESS,SUCCESS,SUCCESS,SUCCESS,SUCCESS,SUCCESS,SUCCESS,SUCCESS
getRewardsDataIntegrity,SUCCESS,SUCCESS,SUCCESS,SUCCESS,SUCCESS,SUCCESS,SUCCESS,SUCCESS,SUCCESS,SUCCESS,SUCCESS,SUCCESS,SUCCESS,SUCCESS,SUCCESS,SUCCESS
getAssetIndexIntegrity,SUCCESS,SUCCESS,SUCCESS,SUCCESS,SUCCESS,SUCCESS,SUCCESS,SUCCESS,SUCCESS,SUCCESS,SUCCESS,SUCCESS,SUCCESS,SUCCESS,SUCCESS,SUCCESS
getAssetIndexInternalReturnSameIndex,SUCCESS,SUCCESS,SUCCESS,SUCCESS,SUCCESS,SUCCESS,SUCCESS,SUCCESS,SUCCESS,SUCCESS,SUCCESS,SUCCESS,SUCCESS,SUCCESS,SUCCESS,SUCCESS
getAssetIndexInternalOldIndexSolvency,SUCCESS,SUCCESS,SUCCESS,SUCCESS,SUCCESS,SUCCESS,SUCCESS,SUCCESS,SUCCESS,SUCCESS,SUCCESS,SUCCESS,SUCCESS,SUCCESS,SUCCESS,SUCCESS
getAssetIndexInternalIntegrity,SUCCESS,SUCCESS,SUCCESS,SUCCESS,SUCCESS,SUCCESS,SUCCESS,SUCCESS,SUCCESS,SUCCESS,SUCCESS,SUCCESS,SUCCESS,SUCCESS,SUCCESS,SUCCESS
getRewardsListIntegrity,SUCCESS,SUCCESS,SUCCESS,SUCCESS,SUCCESS,SUCCESS,SUCCESS,SUCCESS,SUCCESS,SUCCESS,SUCCESS,SUCCESS,SUCCESS,SUCCESS,SUCCESS,SUCCESS
getRewardsByAssetIntegrity,SUCCESS,SUCCESS,SUCCESS,SUCCESS,SUCCESS,SUCCESS,SUCCESS,SUCCESS,SUCCESS,SUCCESS,SUCCESS,SUCCESS,SUCCESS,SUCCESS,SUCCESS,SUCCESS
getUserAccruedRewardsIntegrity,SUCCESS,SUCCESS,SUCCESS,SUCCESS,SUCCESS,SUCCESS,SUCCESS,SUCCESS,SUCCESS,SUCCESS,SUCCESS,SUCCESS,SUCCESS,SUCCESS,SUCCESS,SUCCESS
setDistributionEndIntegrity,SUCCESS,SUCCESS,SUCCESS,SUCCESS,SUCCESS,SUCCESS,SUCCESS,SUCCESS,SUCCESS,SUCCESS,SUCCESS,SUCCESS,SUCCESS,SUCCESS,SUCCESS,SUCCESS
getUserRewardsIntegrity,SUCCESS,SUCCESS,SUCCESS,SUCCESS,SUCCESS,SUCCESS,SUCCESS,SUCCESS,SUCCESS,SUCCESS,SUCCESS,SUCCESS,SUCCESS,SUCCESS,SUCCESS,SUCCESS
getAllUserRewardsIntegrity,SUCCESS,SUCCESS,SUCCESS,SUCCESS,SUCCESS,SUCCESS,SUCCESS,SUCCESS,SUCCESS,SUCCESS,SUCCESS,SUCCESS,SUCCESS,SUCCESS,SUCCESS,SUCCESS
updateDataMultipleIntegrity,SUCCESS,SUCCESS,SUCCESS,SUCCESS,SUCCESS,SUCCESS,SUCCESS,SUCCESS,SUCCESS,SUCCESS,SUCCESS,SUCCESS,SUCCESS,SUCCESS,SUCCESS,SUCCESS
getUserRewardIntegrity,SUCCESS,SUCCESS,SUCCESS,SUCCESS,SUCCESS,SUCCESS,SUCCESS,SUCCESS,SUCCESS,SUCCESS,SUCCESS,SUCCESS,SUCCESS,SUCCESS,SUCCESS,SUCCESS
setEmissionPerSecondArraysEqLength,SUCCESS,SUCCESS,SUCCESS,SUCCESS,SUCCESS,SUCCESS,SUCCESS,SUCCESS,SUCCESS,SUCCESS,SUCCESS,SUCCESS,SUCCESS,SUCCESS,SUCCESS,SUCCESS
setEmissionPerSecondIntegrity,SUCCESS,SUCCESS,SUCCESS,SUCCESS,SUCCESS,SUCCESS,SUCCESS,SUCCESS,SUCCESS,SUCCESS,SUCCESS,SUCCESS,SUCCESS,SUCCESS,SUCCESS,SUCCESS
updateUserDataNotProcessZeroUserBalance,SUCCESS,SUCCESS,SUCCESS,SUCCESS,SUCCESS,SUCCESS,SUCCESS,SUCCESS,SUCCESS,SUCCESS,SUCCESS,SUCCESS,SUCCESS,SUCCESS,SUCCESS,SUCCESS
updateRewardDataIntegrity,SUCCESS,SUCCESS,SUCCESS,SUCCESS,SUCCESS,SUCCESS,SUCCESS,SUCCESS,SUCCESS,SUCCESS,SUCCESS,SUCCESS,SUCCESS,SUCCESS,SUCCESS,SUCCESS
updateDataCouldUpdateUserData,SUCCESS,SUCCESS,SUCCESS,SUCCESS,SUCCESS,SUCCESS,SUCCESS,SUCCESS,SUCCESS,SUCCESS,SUCCESS,SUCCESS,SUCCESS,SUCCESS,SUCCESS,SUCCESS
updateUserDataIntegrity,SUCCESS,SUCCESS,SUCCESS,SUCCESS,SUCCESS,SUCCESS,SUCCESS,SUCCESS,SUCCESS,SUCCESS,SUCCESS,SUCCESS,SUCCESS,SUCCESS,SUCCESS,SUCCESS
updateDataCouldUpdateRewardData,SUCCESS,SUCCESS,SUCCESS,SUCCESS,SUCCESS,SUCCESS,SUCCESS,SUCCESS,SUCCESS,SUCCESS,SUCCESS,SUCCESS,SUCCESS,SUCCESS,SUCCESS,SUCCESS
getPendingRewardsIntegrity,SUCCESS,SUCCESS,SUCCESS,SUCCESS,SUCCESS,SUCCESS,SUCCESS,SUCCESS,SUCCESS,SUCCESS,SUCCESS,SUCCESS,SUCCESS,SUCCESS,SUCCESS,SUCCESS
possiblyNotRevert,SUCCESS,SUCCESS,SUCCESS,SUCCESS,SUCCESS,SUCCESS,SUCCESS,SUCCESS,SUCCESS,SUCCESS,SUCCESS,SUCCESS,SUCCESS,SUCCESS,SUCCESS,SUCCESS
rewardsInListShouldBeEnabled,SUCCESS,SUCCESS,SUCCESS,SUCCESS,SUCCESS,SUCCESS,SUCCESS,SUCCESS,SUCCESS,SUCCESS,SUCCESS,SUCCESS,SUCCESS,SUCCESS,SUCCESS,SUCCESS
getRewardsIntegrity,SUCCESS,SUCCESS,SUCCESS,SUCCESS,SUCCESS,SUCCESS,SUCCESS,SUCCESS,SUCCESS,SUCCESS,SUCCESS,SUCCESS,SUCCESS,SUCCESS,SUCCESS,SUCCESS
updateDataIntegrity,SUCCESS,SUCCESS,SUCCESS,SUCCESS,SUCCESS,SUCCESS,SUCCESS,SUCCESS,SUCCESS,SUCCESS,SUCCESS,SUCCESS,SUCCESS,SUCCESS,SUCCESS,SUCCESS
updateDataZeroNumAvailableRewards,SUCCESS,SUCCESS,SUCCESS,SUCCESS,SUCCESS,SUCCESS,SUCCESS,SUCCESS,SUCCESS,SUCCESS,SUCCESS,SUCCESS,SUCCESS,SUCCESS,SUCCESS,SUCCESS
getAllUserRewardsZeroUserBalance,SUCCESS,SUCCESS,SUCCESS,SUCCESS,SUCCESS,SUCCESS,SUCCESS,SUCCESS,SUCCESS,SUCCESS,SUCCESS,SUCCESS,SUCCESS,SUCCESS,SUCCESS,SUCCESS
claimRewardsInternalNotTransferZeroFunds,SUCCESS,SUCCESS,SUCCESS,SUCCESS,SUCCESS,SUCCESS,SUCCESS,SUCCESS,SUCCESS,SUCCESS,SUCCESS,SUCCESS,SUCCESS,SUCCESS,SUCCESS,SUCCESS
claimRewardsInternalIntegrity,SUCCESS,SUCCESS,SUCCESS,SUCCESS,SUCCESS,SUCCESS,SUCCESS,SUCCESS,SUCCESS,SUCCESS,SUCCESS,SUCCESS,SUCCESS,SUCCESS,SUCCESS,SUCCESS
claimRewardsZeroAmountReturnZero,SUCCESS,SUCCESS,SUCCESS,SUCCESS,SUCCESS,SUCCESS,SUCCESS,SUCCESS,SUCCESS,SUCCESS,SUCCESS,SUCCESS,SUCCESS,SUCCESS,SUCCESS,SUCCESS
claimRewardsTransferFunds,SUCCESS,SUCCESS,SUCCESS,SUCCESS,SUCCESS,SUCCESS,SUCCESS,SUCCESS,SUCCESS,SUCCESS,SUCCESS,SUCCESS,SUCCESS,SUCCESS,SUCCESS,SUCCESS
claimRewardsPossibleUpdateRewardIndex,SUCCESS,SUCCESS,SUCCESS,SUCCESS,SUCCESS,SUCCESS,SUCCESS,SUCCESS,SUCCESS,SUCCESS,SUCCESS,SUCCESS,SUCCESS,SUCCESS,SUCCESS,SUCCESS
claimAllRewardsToSelfIntegrity,SUCCESS,SUCCESS,SUCCESS,SUCCESS,SUCCESS,SUCCESS,SUCCESS,SUCCESS,SUCCESS,SUCCESS,SUCCESS,SUCCESS,SUCCESS,SUCCESS,SUCCESS,SUCCESS
claimAllRewardsOnBehalfIntegrity,SUCCESS,SUCCESS,SUCCESS,SUCCESS,SUCCESS,SUCCESS,SUCCESS,SUCCESS,SUCCESS,SUCCESS,SUCCESS,SUCCESS,SUCCESS,SUCCESS,SUCCESS,SUCCESS
claimAllRewardsOnBehalfZeroAddressCheck,SUCCESS,SUCCESS,SUCCESS,SUCCESS,SUCCESS,SUCCESS,SUCCESS,SUCCESS,SUCCESS,SUCCESS,SUCCESS,SUCCESS,SUCCESS,SUCCESS,SUCCESS,SUCCESS
claimAllRewardsIntegrity,SUCCESS,SUCCESS,SUCCESS,SUCCESS,SUCCESS,SUCCESS,SUCCESS,SUCCESS,SUCCESS,SUCCESS,SUCCESS,SUCCESS,SUCCESS,SUCCESS,SUCCESS,SUCCESS
claimAllRewardsZeroAddressCheck,SUCCESS,SUCCESS,SUCCESS,SUCCESS,SUCCESS,SUCCESS,SUCCESS,SUCCESS,SUCCESS,SUCCESS,SUCCESS,SUCCESS,SUCCESS,SUCCESS,SUCCESS,SUCCESS
claimRewardsToSelfIntegrity,SUCCESS,SUCCESS,SUCCESS,SUCCESS,SUCCESS,SUCCESS,SUCCESS,SUCCESS,SUCCESS,SUCCESS,SUCCESS,SUCCESS,SUCCESS,SUCCESS,SUCCESS,SUCCESS
claimRewardsOnBehalfIntegrity,SUCCESS,SUCCESS,SUCCESS,SUCCESS,SUCCESS,SUCCESS,SUCCESS,SUCCESS,SUCCESS,SUCCESS,SUCCESS,SUCCESS,SUCCESS,SUCCESS,SUCCESS,SUCCESS
claimRewardsOnBehalfZeroAddressCheck,SUCCESS,SUCCESS,SUCCESS,SUCCESS,SUCCESS,SUCCESS,SUCCESS,SUCCESS,SUCCESS,SUCCESS,SUCCESS,SUCCESS,SUCCESS,SUCCESS,SUCCESS,SUCCESS
claimRewardsIntegrity,SUCCESS,SUCCESS,SUCCESS,SUCCESS,SUCCESS,SUCCESS,SUCCESS,SUCCESS,SUCCESS,SUCCESS,SUCCESS,SUCCESS,SUCCESS,SUCCESS,SUCCESS,SUCCESS
claimRewardsZeroAddressCheck,SUCCESS,SUCCESS,SUCCESS,SUCCESS,SUCCESS,SUCCESS,SUCCESS,SUCCESS,SUCCESS,SUCCESS,SUCCESS,SUCCESS,SUCCESS,SUCCESS,SUCCESS,SUCCESS
handleActionIntegrity,SUCCESS,SUCCESS,SUCCESS,SUCCESS,SUCCESS,SUCCESS,SUCCESS,SUCCESS,SUCCESS,SUCCESS,SUCCESS,SUCCESS,SUCCESS,SUCCESS,SUCCESS,SUCCESS
isContractIntegrity,SUCCESS,SUCCESS,SUCCESS,SUCCESS,SUCCESS,SUCCESS,SUCCESS,SUCCESS,SUCCESS,SUCCESS,SUCCESS,SUCCESS,SUCCESS,SUCCESS,SUCCESS,SUCCESS
setRewardOracleIntegrity,SUCCESS,SUCCESS,SUCCESS,SUCCESS,SUCCESS,SUCCESS,SUCCESS,SUCCESS,SUCCESS,SUCCESS,SUCCESS,SUCCESS,SUCCESS,SUCCESS,SUCCESS,SUCCESS
setTransferStrategyIntegrity,SUCCESS,SUCCESS,SUCCESS,SUCCESS,SUCCESS,SUCCESS,SUCCESS,SUCCESS,SUCCESS,SUCCESS,SUCCESS,SUCCESS,SUCCESS,SUCCESS,SUCCESS,SUCCESS
onlyAuthorizedClaimersIntegrity,SUCCESS,SUCCESS,SUCCESS,SUCCESS,SUCCESS,SUCCESS,SUCCESS,SUCCESS,SUCCESS,SUCCESS,SUCCESS,SUCCESS,SUCCESS,SUCCESS,SUCCESS,SUCCESS
onlyEmissionManagerIntegrity,SUCCESS,SUCCESS,SUCCESS,SUCCESS,SUCCESS,SUCCESS,SUCCESS,SUCCESS,SUCCESS,SUCCESS,SUCCESS,SUCCESS,SUCCESS,SUCCESS,SUCCESS,SUCCESS
configureAssetsIntegrity,SUCCESS,SUCCESS,SUCCESS,SUCCESS,SUCCESS,SUCCESS,SUCCESS,SUCCESS,SUCCESS,SUCCESS,SUCCESS,SUCCESS,SUCCESS,SUCCESS,SUCCESS,SUCCESS
gettersShouldNotRevert,SUCCESS,SUCCESS,SUCCESS,SUCCESS,SUCCESS,SUCCESS,SUCCESS,SUCCESS,SUCCESS,SUCCESS,SUCCESS,SUCCESS,SUCCESS,SUCCESS,SUCCESS,SUCCESS
gettersIntegrity,SUCCESS,SUCCESS,SUCCESS,SUCCESS,SUCCESS,SUCCESS,SUCCESS,SUCCESS,SUCCESS,SUCCESS,SUCCESS,SUCCESS,SUCCESS,SUCCESS,SUCCESS,SUCCESS
initializeFirstCallShouldNotRevert,SUCCESS,SUCCESS,SUCCESS,SUCCESS,SUCCESS,SUCCESS,SUCCESS,SUCCESS,SUCCESS,SUCCESS,SUCCESS,SUCCESS,SUCCESS,SUCCESS,SUCCESS,SUCCESS
